{"cameraMode":{"drawMode":0,"name":"Shaded","section":"Shading Mode"},"sceneLighting":false,"audioPlay":false,"sceneViewState":{"showFog":true,"showMaterialUpdate":false,"showSkybox":false,"showFlares":true,"showImageEffects":true,"showParticleSystems":true},"in2DMode":false,"pivot":{"x":0.38700002431869509,"y":0.875,"z":0.906000018119812},"rotation":{"x":-0.09920748323202133,"y":-0.8515968322753906,"z":0.17429183423519135,"w":-0.4843984544277191},"size":3.26162052154541,"orthographic":false}