{"cameraMode":{"drawMode":0,"name":"Shaded","section":"Shading Mode"},"sceneLighting":false,"audioPlay":false,"sceneViewState":{"showFog":true,"showMaterialUpdate":false,"showSkybox":false,"showFlares":true,"showImageEffects":true,"showParticleSystems":true},"in2DMode":false,"pivot":{"x":-0.5967857837677002,"y":6.036431789398193,"z":-20.00326156616211},"rotation":{"x":-0.06062961742281914,"y":0.08911293745040894,"z":-0.005433137062937021,"w":-0.9941661953926086},"size":7.4988508224487309,"orthographic":false}